home_shortPass,home_headers,home_balance,away_finishing,away_reactions,home_slidingTackle,home_freeKicks,away_aggression,home_positioning,home_aggression,home_curve,away_longShot,home_gkPositioning,home_sprintSpeed,away_marking,home_finishing,away_vision,home_longPass,WH betting difference,away_headers,away_strength,home_acceleration,home_standingTackle,home_marking,away_gkKicking,home_gkHandling,away_curve,home_dribbling,home_gkKicking,home_volleys,home_reactions,IW betting difference,away_gkDiving,home_longShot,home_stamina,away_power,LB betting difference,home_rating,home_agility,VC betting difference,home_defensiveWorkRate,away_agility,home_preferredFoot,away_penalties,home_power,home_penalties,home_control,away_balance,away_preferredFoot,home_gkReflexes,away_rating,away_positioning,B365 betting difference,home_potential,home_crossing,BW betting difference,home_interceptions,home_vision,BS betting difference,home_jump,away_crossing,home_strength,away_shortPass,home_attackingWorkRate,SJ betting difference,GB betting difference,away_acceleration,away_gkHandling,away_gkReflexes,away_jump,home_gkDiving,away_standingTackle,away_longPass,away_interceptions,away_control,away_stamina,away_freeKicks,away_gkPositioning,away_volleys,away_slidingTackle,PS betting difference,away_sprintSpeed,away_potential,away_dribbling,away_defensiveWorkRate,away_attackingWorkRate,result
74.72727272727273,70.0,74.27272727272727,53.0,71.9090909090909,60.63636363636364,52.0,71.99999999999999,80.63636363636363,78.45454545454545,57.36363636363637,56.363636363636374,27.909090909090914,75.36363636363637,50.54545454545455,55.81818181818183,63.727272727272734,71.54545454545455,0.7000000000000001,63.63636363636364,72.18181818181819,74.27272727272728,66.27272727272727,60.54545454545454,66.9090909090909,27.363636363636367,48.36363636363636,64.72727272727273,71.54545454545455,59.000000000000014,79.18181818181819,0.6515837104072397,16.545454545454547,55.909090909090914,78.9090909090909,63.63636363636363,0.7000000000000001,82.90909090909092,65.63636363636364,0.6979166666666666,1.3636363636363635,62.727272727272734,0.8181818181818183,72.90909090909092,67.27272727272728,77.0909090909091,74.0,66.36363636363637,0.7272727272727274,27.272727272727273,77.0,69.81818181818183,0.6842847075405214,85.45454545454547,64.54545454545455,0.648018648018648,77.63636363636363,73.0,0.6842847075405214,75.45454545454547,63.45454545454545,77.9090909090909,67.9090909090909,1.272727272727273,0.7000000000000001,0.6692307692307692,74.9090909090909,27.0,27.454545454545453,61.27272727272729,17.090909090909093,59.909090909090914,66.9090909090909,70.27272727272727,70.63636363636364,76.2727272727273,49.00000000000001,26.909090909090914,56.81818181818182,51.00000000000001,nan,75.72727272727273,82.9090909090909,66.0,1.090909090909091,1.090909090909091,0
71.18181818181817,68.18181818181819,75.0909090909091,47.81818181818182,67.27272727272728,60.63636363636363,43.45454545454546,70.36363636363636,73.45454545454545,65.27272727272728,60.0909090909091,54.81818181818182,26.090909090909093,79.0909090909091,56.0909090909091,54.45454545454545,63.90909090909091,64.9090909090909,0.7713675213675214,57.90909090909092,68.81818181818181,77.54545454545455,57.09090909090909,52.00000000000001,58.81818181818181,26.363636363636367,45.36363636363636,68.0,64.9090909090909,59.181818181818194,77.72727272727273,0.7424242424242424,12.81818181818182,55.63636363636364,80.27272727272727,60.090909090909086,0.7424242424242424,79.90909090909092,70.18181818181819,0.7230769230769232,1.1818181818181817,58.45454545454546,0.9090909090909093,67.54545454545455,65.18181818181819,71.54545454545455,72.63636363636364,63.727272727272734,0.7272727272727274,27.27272727272728,70.81818181818181,63.45454545454546,0.7666666666666667,85.36363636363636,65.72727272727273,0.719672131147541,68.9090909090909,68.36363636363636,0.7427490542244641,75.81818181818183,58.09090909090909,74.9090909090909,61.27272727272728,1.2727272727272725,0.75,0.7427490542244641,68.0,25.909090909090914,26.909090909090914,70.36363636363637,14.818181818181817,58.0909090909091,58.81818181818181,63.63636363636365,61.63636363636365,71.54545454545455,48.54545454545454,25.909090909090914,48.63636363636363,54.54545454545455,nan,67.18181818181819,77.09090909090911,55.09090909090909,1.1818181818181819,1.1818181818181819,1
60.90909090909091,60.090909090909086,68.45454545454545,58.90909090909091,77.9090909090909,53.09090909090909,52.090909090909086,72.18181818181819,66.36363636363637,69.9090909090909,58.54545454545455,58.09090909090909,27.181818181818187,69.90909090909092,55.81818181818181,52.272727272727266,73.81818181818181,60.72727272727273,-0.4551244933410538,68.45454545454545,75.0909090909091,69.45454545454545,55.36363636363637,50.54545454545455,65.27272727272728,27.727272727272734,57.27272727272727,58.54545454545455,60.81818181818182,52.09090909090909,72.63636363636363,-0.38383838383838387,16.09090909090909,53.81818181818182,74.72727272727273,66.72727272727272,-0.3765801729873587,74.0,64.72727272727272,-0.42424242424242425,0.9090909090909092,63.909090909090914,0.5454545454545455,77.9090909090909,61.81818181818182,62.45454545454545,66.54545454545455,75.36363636363637,0.9090909090909093,27.909090909090914,80.81818181818181,79.0909090909091,-0.4169842133913991,79.18181818181819,63.81818181818183,-0.3988023952095809,67.36363636363637,65.27272727272728,-0.3558124598587027,69.54545454545456,60.727272727272734,70.0909090909091,70.36363636363637,1.1818181818181817,-0.34708779986383487,-0.38823529411764707,72.54545454545456,26.63636363636364,27.363636363636367,73.9090909090909,15.818181818181818,59.36363636363636,65.27272727272728,77.63636363636364,70.72727272727273,79.63636363636364,53.45454545454546,26.81818181818182,61.545454545454554,54.54545454545454,nan,74.63636363636363,84.9090909090909,60.545454545454554,1.3636363636363638,1.4545454545454548,-1
66.45454545454547,67.54545454545455,57.54545454545455,53.63636363636364,69.45454545454545,46.90909090909091,45.81818181818181,72.63636363636364,75.63636363636364,72.09090909090908,50.45454545454546,61.27272727272727,26.000000000000004,72.63636363636364,52.090909090909086,53.81818181818182,64.36363636363637,59.81818181818183,0.27978142076502727,68.36363636363637,75.90909090909092,71.27272727272727,59.181818181818194,52.36363636363636,53.54545454545455,26.272727272727277,44.27272727272728,60.27272727272727,59.81818181818183,45.36363636363636,73.72727272727272,0.2923976608187135,17.54545454545454,55.00000000000001,78.27272727272727,70.36363636363636,0.3055555555555556,76.36363636363636,55.18181818181817,0.29643073200241976,1.3636363636363635,57.909090909090914,0.8181818181818183,69.72727272727272,58.909090909090914,72.18181818181819,67.0909090909091,61.36363636363637,0.8181818181818183,27.090909090909097,74.27272727272727,69.72727272727273,0.2854649713288457,81.45454545454547,59.27272727272727,0.2631578947368421,72.54545454545455,57.63636363636364,0.2604023146872417,60.63636363636363,62.09090909090909,73.54545454545455,64.27272727272727,1.4545454545454546,0.2568935427574171,0.27356020942408377,71.18181818181817,25.363636363636363,25.363636363636363,67.9090909090909,15.90909090909091,54.18181818181819,58.27272727272728,63.27272727272727,68.0909090909091,78.0,52.54545454545455,24.363636363636363,53.09090909090909,48.54545454545455,nan,74.0,77.63636363636365,62.27272727272727,1.2727272727272727,1.0909090909090908,1
70.45454545454545,67.81818181818183,68.63636363636364,43.81818181818182,64.27272727272727,52.81818181818181,52.45454545454545,61.81818181818182,77.27272727272727,72.81818181818183,51.00000000000001,51.90909090909091,27.72727272727273,76.63636363636364,45.90909090909091,57.27272727272728,59.27272727272727,67.27272727272728,0.23784592370979807,56.181818181818194,64.36363636363637,73.54545454545453,60.45454545454546,57.18181818181819,60.36363636363637,27.90909090909091,49.72727272727273,61.18181818181819,67.27272727272728,54.18181818181819,77.36363636363637,0.19696969696969696,13.272727272727272,58.81818181818182,80.36363636363637,59.36363636363637,0.27978142076502727,79.63636363636364,60.45454545454546,0.29643073200241976,1.1818181818181819,59.0909090909091,0.8181818181818183,59.545454545454554,67.36363636363636,72.18181818181817,70.72727272727273,65.90909090909092,0.6363636363636365,27.272727272727277,68.0,63.27272727272728,0.29261332720699373,84.36363636363636,62.90909090909091,0.2350427350427351,74.45454545454547,63.18181818181818,0.2568935427574171,63.909090909090914,53.36363636363637,76.27272727272728,58.00000000000001,1.0909090909090908,0.2568935427574171,0.27356020942408377,66.9090909090909,24.36363636363637,24.909090909090917,63.45454545454546,17.27272727272727,51.27272727272727,60.36363636363637,57.63636363636364,60.54545454545455,64.81818181818181,45.90909090909091,23.72727272727273,47.90909090909091,45.63636363636363,nan,66.72727272727272,73.54545454545455,55.45454545454546,0.8181818181818183,0.8181818181818183,1
70.18181818181817,70.45454545454547,68.72727272727272,53.63636363636364,73.63636363636365,57.36363636363637,51.45454545454545,71.45454545454545,75.54545454545455,71.81818181818181,51.18181818181819,53.81818181818182,29.54545454545455,74.18181818181819,55.45454545454545,49.81818181818182,68.36363636363637,69.0909090909091,0.2271062271062272,71.36363636363637,76.9090909090909,74.9090909090909,65.36363636363637,65.63636363636364,62.090909090909086,29.90909090909091,51.27272727272727,56.545454545454554,69.45454545454547,56.36363636363637,75.9090909090909,0.19696969696969696,15.545454545454545,60.81818181818182,77.0909090909091,63.727272727272734,0.3055555555555556,78.0,60.18181818181819,0.23780487804878053,1.1818181818181819,59.72727272727273,0.7272727272727274,70.72727272727273,72.72727272727273,72.18181818181817,69.45454545454547,71.27272727272728,0.8181818181818183,30.54545454545455,76.0909090909091,70.81818181818181,0.25,82.81818181818184,63.09090909090909,0.29054054054054046,75.18181818181819,66.54545454545455,0.2142857142857143,68.72727272727273,50.45454545454545,75.27272727272728,63.36363636363637,1.0,0.20588235294117646,0.23333333333333334,68.63636363636364,26.727272727272734,27.727272727272734,76.0909090909091,18.818181818181817,60.27272727272727,62.090909090909086,71.81818181818181,66.72727272727273,73.36363636363636,47.45454545454545,26.45454545454546,50.54545454545455,56.36363636363636,nan,71.0,80.81818181818183,56.18181818181819,1.2727272727272725,1.0909090909090908,-1
65.18181818181819,66.54545454545455,64.0909090909091,52.909090909090914,74.36363636363637,46.72727272727273,47.81818181818182,66.72727272727273,73.54545454545455,64.81818181818181,45.09090909090909,58.18181818181817,23.81818181818182,72.9090909090909,47.27272727272727,55.272727272727266,74.18181818181819,59.909090909090914,-0.12028869286287086,62.27272727272727,68.72727272727272,72.27272727272728,52.81818181818181,49.81818181818182,63.18181818181818,24.363636363636367,55.909090909090914,59.9090909090909,59.909090909090914,49.54545454545454,71.63636363636363,-0.10971786833855796,15.454545454545453,58.09090909090909,75.81818181818183,66.63636363636364,-0.09740259740259738,75.18181818181819,56.45454545454546,-0.12228260869565222,1.0,74.18181818181817,0.6363636363636365,72.18181818181819,67.63636363636364,67.9090909090909,66.0909090909091,75.0909090909091,0.8181818181818183,25.272727272727273,76.81818181818183,75.63636363636364,-0.13194444444444442,80.0,58.00000000000001,-0.07763975155279507,70.45454545454547,55.09090909090909,-0.07763975155279507,62.0,60.54545454545455,70.54545454545455,66.18181818181817,1.0,-0.10732323232323232,-0.1014492753623189,77.45454545454545,26.000000000000007,27.181818181818187,71.0909090909091,15.81818181818182,51.90909090909091,63.18181818181818,68.81818181818183,70.81818181818181,77.0909090909091,58.27272727272727,26.545454545454547,58.18181818181818,47.81818181818182,nan,78.0909090909091,83.72727272727273,67.18181818181819,1.2727272727272725,1.4545454545454546,1
65.0,70.63636363636364,71.45454545454545,50.090909090909086,69.0,63.54545454545455,43.54545454545455,69.18181818181819,72.27272727272728,75.54545454545455,53.18181818181818,51.63636363636364,26.454545454545457,71.0909090909091,51.54545454545455,49.45454545454546,54.81818181818182,61.36363636363636,0.3055555555555556,69.0909090909091,77.54545454545455,68.72727272727273,63.18181818181819,57.45454545454545,52.54545454545455,26.636363636363644,45.18181818181819,57.27272727272728,61.36363636363636,58.90909090909091,71.54545454545455,0.3333333333333333,14.545454545454547,58.27272727272728,79.72727272727273,60.18181818181819,0.3280346820809249,74.81818181818183,57.272727272727266,0.3322072072072071,1.0909090909090908,63.72727272727272,0.8181818181818183,65.18181818181819,62.36363636363637,68.0,66.09090909090908,68.9090909090909,1.0000000000000002,26.90909090909091,70.36363636363636,68.63636363636365,0.3242258652094717,80.27272727272728,54.45454545454545,0.3441558441558441,72.63636363636363,69.36363636363637,0.32460867333846555,75.0909090909091,48.63636363636364,75.9090909090909,59.36363636363637,1.1818181818181819,0.32460867333846555,0.3242258652094717,62.54545454545455,26.363636363636363,26.363636363636363,75.63636363636363,16.363636363636363,55.0,52.54545454545455,67.27272727272727,59.45454545454545,73.27272727272728,49.545454545454554,26.363636363636363,46.63636363636364,53.0,nan,68.0909090909091,75.18181818181819,46.18181818181819,1.0909090909090908,1.0000000000000002,1
59.727272727272734,61.27272727272727,65.36363636363636,54.63636363636365,68.54545454545455,54.90909090909091,46.63636363636364,70.09090909090908,67.45454545454545,67.54545454545455,46.00000000000001,60.909090909090914,24.818181818181824,68.81818181818181,55.36363636363637,46.99999999999999,69.18181818181819,56.63636363636364,0.018320610687022953,65.36363636363636,71.27272727272728,62.81818181818181,60.090909090909086,53.909090909090914,68.09090909090911,25.363636363636363,59.18181818181817,54.0,54.00000000000001,49.09090909090909,65.81818181818183,0.032051282051282104,15.363636363636365,51.45454545454545,73.63636363636364,67.81818181818183,0.016666666666666663,72.0,59.09090909090909,0.02747252747252743,1.0909090909090908,63.09090909090909,0.8181818181818183,73.72727272727273,60.81818181818182,61.45454545454545,64.72727272727273,71.18181818181819,0.8181818181818183,24.909090909090917,75.18181818181819,73.09090909090911,0.02747252747252743,76.72727272727273,58.545454545454554,0.03080477474008464,64.45454545454544,60.90909090909091,-0.015384615384615441,70.36363636363636,62.81818181818182,72.18181818181819,68.63636363636364,1.0,0.056531703590527116,0.0,69.9090909090909,26.54545454545455,26.36363636363637,72.45454545454544,17.272727272727273,61.363636363636374,68.09090909090911,72.72727272727272,69.63636363636364,75.36363636363636,59.72727272727273,26.18181818181819,60.45454545454545,54.45454545454546,nan,72.63636363636364,79.63636363636363,56.63636363636364,1.0,1.272727272727273,1
76.27272727272727,68.45454545454547,78.27272727272728,48.09090909090909,73.27272727272728,63.36363636363636,56.54545454545455,74.63636363636364,82.72727272727273,74.81818181818183,62.18181818181819,48.81818181818182,27.454545454545457,75.0909090909091,54.909090909090914,61.81818181818182,66.81818181818183,73.81818181818181,0.6515837104072397,69.45454545454545,78.81818181818181,73.63636363636364,65.0909090909091,59.81818181818182,56.272727272727266,27.63636363636364,50.72727272727273,68.45454545454545,73.81818181818181,64.45454545454547,80.54545454545455,0.6515837104072397,16.90909090909091,65.0,79.0,63.45454545454545,0.6640826873385013,84.45454545454547,69.54545454545455,0.6609706083390293,1.1818181818181817,62.36363636363637,0.8181818181818183,68.81818181818183,70.18181818181819,82.18181818181819,76.0909090909091,77.0909090909091,0.8181818181818183,27.81818181818182,78.0909090909091,72.36363636363636,0.6518796992481203,87.9090909090909,68.27272727272728,0.648018648018648,81.54545454545455,76.0,0.6518796992481203,74.81818181818183,51.72727272727273,77.54545454545453,64.27272727272728,1.272727272727273,0.7000000000000001,0.6407685881370091,70.54545454545453,24.818181818181827,25.636363636363647,78.18181818181817,16.090909090909086,60.27272727272728,60.36363636363636,70.72727272727273,66.63636363636364,74.0909090909091,39.81818181818182,24.45454545454546,54.72727272727273,54.18181818181818,nan,71.81818181818181,82.45454545454545,58.54545454545455,1.1818181818181817,0.9090909090909093,1
69.45454545454545,62.09090909090908,71.36363636363637,52.72727272727273,73.0,47.45454545454545,52.90909090909091,70.45454545454545,71.0909090909091,64.63636363636363,58.36363636363637,56.727272727272734,24.36363636363636,72.45454545454545,57.0,57.36363636363636,68.45454545454545,61.27272727272727,0.7424242424242424,61.727272727272734,68.18181818181819,72.18181818181819,50.18181818181818,46.45454545454545,61.81818181818183,24.454545454545453,56.72727272727274,66.27272727272728,61.27272727272727,57.545454545454554,71.81818181818183,0.7424242424242424,15.454545454545457,54.727272727272734,74.18181818181819,63.727272727272734,0.7424242424242424,75.72727272727273,65.0909090909091,0.7807017543859649,1.0000000000000002,66.18181818181817,0.7272727272727274,69.54545454545455,64.00000000000001,72.18181818181819,71.27272727272728,70.36363636363636,0.7272727272727274,25.545454545454543,75.54545454545455,73.81818181818181,0.7807017543859649,79.36363636363637,59.545454545454554,0.75,65.81818181818181,69.27272727272728,0.7363387978142076,71.54545454545456,62.09090909090909,67.9090909090909,66.45454545454547,1.1818181818181819,0.7745098039215687,0.7564102564102564,73.36363636363637,26.272727272727273,27.090909090909093,73.72727272727273,15.000000000000002,62.18181818181819,61.81818181818183,71.81818181818183,67.81818181818183,76.72727272727272,52.545454545454554,26.0,52.54545454545455,59.90909090909091,nan,73.27272727272728,80.81818181818183,64.27272727272728,1.2727272727272727,1.0909090909090908,1
74.18181818181817,64.72727272727273,74.54545454545456,51.36363636363637,74.63636363636364,57.18181818181818,54.0,71.45454545454545,76.18181818181817,62.63636363636364,65.9090909090909,65.0,26.090909090909093,79.1818181818182,58.000000000000014,57.45454545454545,73.81818181818183,70.81818181818183,0.5924369747899159,66.45454545454545,73.18181818181819,78.9090909090909,57.27272727272727,50.818181818181834,69.0,26.363636363636367,61.36363636363637,69.9090909090909,70.81818181818183,63.54545454545455,79.18181818181819,0.5358090185676393,14.545454545454549,61.90909090909091,80.81818181818183,68.9090909090909,0.5405982905982906,81.63636363636365,72.0909090909091,0.5563218390804598,1.0,70.72727272727272,0.7272727272727274,73.18181818181817,66.45454545454545,74.63636363636364,75.36363636363636,74.81818181818183,0.8181818181818183,27.27272727272728,76.81818181818183,77.63636363636364,0.5611111111111111,86.45454545454545,70.63636363636363,0.580952380952381,72.45454545454547,71.90909090909092,0.5892857142857143,71.54545454545455,64.72727272727273,71.0909090909091,69.36363636363636,1.3636363636363635,0.5694444444444444,0.5467980295566504,75.99999999999999,25.727272727272727,26.909090909090914,73.0,14.727272727272725,60.727272727272734,69.0,73.18181818181817,71.36363636363636,79.45454545454545,62.90909090909091,26.272727272727273,61.00000000000001,58.18181818181819,nan,76.54545454545456,84.18181818181819,64.63636363636364,1.0909090909090908,1.3636363636363638,0
65.18181818181819,67.0,62.727272727272734,53.27272727272727,74.45454545454545,44.72727272727273,46.81818181818182,65.9090909090909,72.0909090909091,64.36363636363636,44.54545454545455,54.27272727272727,23.63636363636364,71.63636363636364,50.272727272727266,53.90909090909091,67.72727272727272,58.36363636363637,-0.016666666666666663,62.63636363636363,72.54545454545455,70.27272727272728,52.18181818181817,50.18181818181818,61.54545454545456,23.363636363636367,54.54545454545455,60.18181818181818,58.36363636363637,45.90909090909091,72.72727272727273,0.0,16.272727272727273,54.54545454545455,75.54545454545455,64.54545454545455,0.0,75.0,55.72727272727273,-0.032051282051282104,1.0000000000000002,66.54545454545456,0.7272727272727274,69.0909090909091,65.54545454545455,67.0,67.0909090909091,74.54545454545455,0.8181818181818183,25.63636363636364,78.0909090909091,71.45454545454545,-0.05277777777777781,80.72727272727273,58.909090909090914,-0.06189555125725338,69.0909090909091,58.54545454545455,-0.018320610687022953,62.54545454545455,60.54545454545455,68.72727272727273,64.54545454545455,0.9090909090909092,-0.004387247733255273,-0.029629629629629672,77.36363636363636,27.0,27.545454545454547,71.18181818181819,16.363636363636363,54.54545454545455,61.54545454545456,66.72727272727272,70.45454545454545,73.45454545454545,51.909090909090914,26.363636363636363,59.18181818181818,50.27272727272727,nan,77.0909090909091,84.09090909090911,62.18181818181819,0.9090909090909092,1.1818181818181819,1
65.36363636363636,68.54545454545455,70.54545454545455,55.0,74.72727272727272,58.27272727272727,46.45454545454545,73.09090909090908,72.0909090909091,74.90909090909092,53.45454545454545,61.363636363636374,26.636363636363637,72.0,56.63636363636363,51.909090909090914,74.27272727272728,59.63636363636364,0.038488677913913694,71.36363636363637,76.0909090909091,70.0909090909091,58.09090909090909,54.18181818181818,66.54545454545455,26.818181818181824,57.45454545454546,58.81818181818183,59.63636363636364,59.63636363636364,72.09090909090911,0.08995502248875564,17.727272727272727,60.63636363636364,79.72727272727273,71.36363636363636,0.03555268261150618,75.18181818181819,58.272727272727266,0.014245014245014231,1.0909090909090908,70.63636363636364,0.8181818181818183,75.54545454545455,62.727272727272734,69.0,66.27272727272727,76.72727272727272,0.8181818181818183,27.09090909090909,79.0,74.27272727272727,0.020979020979020935,80.27272727272728,55.45454545454545,0.03080477474008464,74.09090909090908,69.9090909090909,0.059523809523809534,74.27272727272728,62.63636363636364,74.63636363636364,68.9090909090909,1.1818181818181819,0.020979020979020935,0.029629629629629672,76.72727272727273,29.818181818181827,30.45454545454546,76.36363636363636,15.545454545454545,58.090909090909086,66.18181818181819,74.63636363636364,71.36363636363636,76.27272727272728,50.18181818181817,29.45454545454546,64.81818181818183,56.72727272727273,nan,76.45454545454545,83.36363636363637,62.00000000000001,1.1818181818181817,1.0,-1
59.81818181818183,64.0,62.727272727272734,61.00000000000001,80.18181818181817,53.63636363636363,46.36363636363636,73.63636363636364,68.81818181818183,69.0909090909091,40.45454545454546,64.0,24.909090909090914,70.72727272727272,55.72727272727273,47.72727272727272,75.45454545454545,55.81818181818182,-0.5714285714285714,64.81818181818181,76.45454545454545,65.0,61.63636363636363,54.54545454545454,72.27272727272728,25.454545454545453,64.18181818181819,53.81818181818182,53.18181818181819,44.90909090909091,67.72727272727273,-0.5,16.090909090909086,52.27272727272728,73.54545454545455,69.09090909090911,-0.5277777777777778,73.63636363636364,53.45454545454545,-0.5467980295566504,1.3636363636363635,71.36363636363637,0.9090909090909093,81.0909090909091,62.09090909090909,59.99999999999999,64.81818181818183,78.0,0.7272727272727274,25.000000000000007,84.0909090909091,81.72727272727273,-0.5694444444444444,77.9090909090909,57.45454545454546,-0.5467980295566504,65.09090909090908,52.54545454545455,-0.5515873015873016,62.90909090909092,68.27272727272728,75.0909090909091,75.63636363636363,0.9090909090909093,-0.5694444444444444,-0.5467980295566504,74.90909090909092,28.000000000000004,28.181818181818183,73.90909090909092,16.18181818181818,61.0909090909091,72.27272727272728,81.27272727272728,76.0,78.45454545454547,54.90909090909091,27.81818181818182,64.36363636363637,59.0,nan,75.9090909090909,87.9090909090909,69.45454545454547,1.0909090909090908,1.2727272727272727,-1
60.54545454545455,66.27272727272728,70.54545454545455,47.36363636363636,65.27272727272727,57.81818181818181,44.36363636363637,64.90909090909092,68.72727272727272,74.81818181818181,45.18181818181819,49.272727272727266,26.72727272727273,69.81818181818183,45.45454545454545,44.27272727272727,57.72727272727273,55.72727272727272,0.032051282051282104,56.0,64.0909090909091,65.63636363636364,59.72727272727272,52.54545454545454,53.00000000000001,26.72727272727273,49.36363636363636,49.63636363636364,55.72727272727272,44.81818181818182,67.45454545454545,0.029629629629629672,13.545454545454549,48.0,68.54545454545456,59.00000000000001,0.016666666666666663,70.9090909090909,64.0909090909091,0.006988120195667413,1.0,60.0,0.9090909090909093,57.81818181818183,57.54545454545454,64.0,59.81818181818182,63.00000000000001,0.6363636363636365,26.72727272727273,66.81818181818183,61.727272727272734,0.020979020979020935,75.45454545454545,52.00000000000001,0.05303030303030304,67.36363636363636,55.81818181818182,0.06302521008403361,73.63636363636364,55.00000000000001,77.0,54.36363636363637,0.8181818181818183,0.020979020979020935,0.029629629629629672,66.45454545454545,24.09090909090909,23.90909090909091,64.18181818181819,15.18181818181818,48.545454545454554,52.909090909090914,60.45454545454547,58.727272727272734,69.18181818181819,46.09090909090909,23.454545454545457,47.18181818181819,48.909090909090914,nan,67.0,71.36363636363636,53.45454545454545,0.6363636363636365,1.0000000000000002,1
70.0,64.72727272727272,74.54545454545453,44.63636363636363,72.54545454545456,58.09090909090909,54.45454545454546,78.2727272727273,75.81818181818181,69.72727272727272,58.45454545454546,50.36363636363636,27.272727272727266,74.81818181818183,58.36363636363637,52.54545454545455,60.00000000000001,71.45454545454545,0.6102941176470588,69.00000000000001,79.18181818181817,72.18181818181819,61.45454545454546,58.18181818181818,63.000000000000014,27.090909090909086,41.909090909090914,62.18181818181817,71.63636363636363,58.45454545454546,74.0,0.6074074074074074,16.272727272727273,60.81818181818182,77.9090909090909,64.0909090909091,0.6268796992481203,80.45454545454545,63.27272727272728,0.6407407407407407,1.272727272727273,56.63636363636364,0.9090909090909093,71.63636363636365,68.45454545454545,77.36363636363637,71.81818181818181,69.36363636363636,0.7272727272727274,27.818181818181813,76.0909090909091,71.81818181818181,0.6518796992481203,84.90909090909092,67.81818181818181,0.6157407407407407,76.63636363636364,73.0909090909091,0.6241830065359477,73.45454545454545,57.09090909090909,74.45454545454545,66.0909090909091,1.181818181818182,0.6300309597523219,0.6241830065359477,73.27272727272727,26.272727272727266,27.18181818181818,71.27272727272727,16.81818181818182,64.54545454545455,62.90909090909092,70.0,68.72727272727273,76.18181818181819,43.0,26.090909090909086,46.18181818181819,52.27272727272727,nan,73.81818181818181,81.27272727272727,58.81818181818183,1.1818181818181817,0.8181818181818183,1
71.0909090909091,66.27272727272728,67.27272727272727,42.27272727272727,65.09090909090911,57.99999999999999,54.90909090909091,64.63636363636363,75.81818181818181,72.36363636363637,53.27272727272728,47.45454545454545,28.0,76.00000000000001,54.909090909090914,55.63636363636364,59.36363636363637,70.09090909090911,0.3765801729873587,62.09090909090909,70.36363636363636,73.18181818181819,61.54545454545454,57.81818181818183,59.27272727272728,28.181818181818183,42.09090909090909,64.0909090909091,70.09090909090911,55.27272727272727,76.27272727272727,0.3333333333333333,15.000000000000002,59.63636363636365,80.63636363636364,53.727272727272734,0.34708779986383487,79.63636363636365,61.0909090909091,0.42424242424242425,1.3636363636363635,52.36363636363636,0.8181818181818183,63.36363636363636,65.18181818181819,71.81818181818181,70.81818181818181,61.090909090909086,0.7272727272727274,27.545454545454547,68.45454545454545,63.72727272727273,0.4169842133913991,83.9090909090909,67.81818181818181,0.4431818181818182,74.1818181818182,65.0,0.3988023952095809,61.545454545454554,53.0,75.0909090909091,55.18181818181818,1.0909090909090908,0.4169842133913991,0.38823529411764707,63.72727272727273,24.54545454545455,25.54545454545455,68.0909090909091,17.09090909090909,56.272727272727266,59.27272727272728,64.27272727272728,58.18181818181819,66.63636363636364,39.63636363636363,24.272727272727277,44.63636363636363,54.63636363636365,nan,64.54545454545455,73.45454545454547,47.90909090909091,1.2727272727272727,1.0,1
66.18181818181819,64.72727272727272,70.72727272727272,53.18181818181818,66.72727272727273,54.45454545454545,50.09090909090909,66.18181818181819,68.63636363636364,70.9090909090909,51.36363636363636,57.09090909090909,27.272727272727273,75.54545454545453,56.81818181818182,53.45454545454546,67.9090909090909,64.45454545454545,0.20979020979020985,58.81818181818183,69.54545454545455,74.45454545454547,59.63636363636364,49.45454545454546,60.909090909090914,27.36363636363636,54.27272727272727,66.0,64.45454545454545,59.727272727272734,72.36363636363637,0.2485380116959064,14.363636363636367,56.27272727272728,77.00000000000001,61.63636363636365,0.27978142076502727,76.18181818181819,66.81818181818181,0.32314923619271435,1.0,59.00000000000001,0.7272727272727274,68.54545454545455,63.45454545454545,72.18181818181819,70.36363636363637,63.72727272727273,0.8181818181818183,27.818181818181813,71.54545454545455,64.72727272727273,0.3242258652094717,82.45454545454547,62.72727272727273,0.29054054054054046,68.27272727272728,68.27272727272728,0.29644808743169393,69.36363636363636,62.09090909090909,73.54545454545453,65.81818181818183,1.0000000000000002,0.3242258652094717,0.2763157894736842,68.72727272727273,26.181818181818183,27.181818181818183,68.27272727272728,16.454545454545453,56.545454545454554,60.909090909090914,64.0,64.54545454545455,74.36363636363637,53.18181818181818,26.181818181818183,54.36363636363636,53.81818181818182,nan,69.45454545454547,77.90909090909092,59.54545454545455,1.0,1.090909090909091,1
68.90909090909092,66.0909090909091,72.18181818181819,53.0,70.72727272727272,52.909090909090914,60.45454545454546,74.90909090909092,74.72727272727275,71.54545454545455,60.09090909090909,62.45454545454546,26.45454545454546,74.72727272727273,57.09090909090909,56.45454545454545,64.36363636363636,66.0909090909091,0.08080808080808077,69.27272727272727,75.72727272727273,71.72727272727273,60.09090909090909,55.63636363636364,59.000000000000014,26.81818181818182,45.45454545454546,56.63636363636364,66.0909090909091,61.545454545454554,71.0909090909091,0.13196480938416422,16.909090909090907,60.727272727272734,76.54545454545453,71.27272727272728,0.08080808080808077,76.00000000000001,64.63636363636364,0.08333333333333337,1.0909090909090908,56.27272727272727,0.8181818181818183,69.72727272727275,68.0,74.09090909090911,69.90909090909092,62.0,0.8181818181818183,26.63636363636364,74.63636363636364,70.18181818181819,0.08683473389355745,80.45454545454547,62.45454545454546,0.1266766020864381,73.63636363636363,70.0,0.1111111111111111,72.45454545454544,62.727272727272734,71.63636363636364,65.27272727272728,1.272727272727273,0.08683473389355745,0.059523809523809534,70.45454545454547,26.000000000000004,26.272727272727277,69.18181818181819,14.636363636363638,59.363636363636374,60.000000000000014,66.72727272727273,68.27272727272727,79.36363636363636,53.54545454545455,25.818181818181817,53.36363636363637,54.54545454545455,nan,73.27272727272728,78.27272727272727,61.909090909090914,1.2727272727272727,1.0,1
76.0,68.27272727272727,77.0909090909091,50.272727272727266,67.45454545454547,56.090909090909086,58.09090909090909,66.0909090909091,78.81818181818181,71.45454545454544,64.27272727272728,53.36363636363637,27.909090909090914,77.54545454545455,54.36363636363636,59.63636363636365,54.0,71.36363636363636,0.8020692757534864,64.36363636363636,72.81818181818183,76.72727272727272,59.272727272727266,52.45454545454545,54.00000000000001,27.363636363636363,42.27272727272727,69.9090909090909,71.36363636363636,62.63636363636365,78.63636363636364,0.7713675213675214,15.818181818181818,59.36363636363636,79.36363636363637,62.18181818181818,0.7424242424242424,84.45454545454545,69.81818181818181,0.8020692757534864,1.090909090909091,53.72727272727273,0.8181818181818183,61.272727272727266,71.27272727272727,79.18181818181819,77.45454545454547,62.545454545454554,0.9090909090909093,27.272727272727273,73.54545454545455,68.27272727272728,0.79587732528909,88.27272727272728,65.72727272727273,0.7777777777777779,76.72727272727273,74.63636363636364,0.7777777777777779,76.63636363636365,58.63636363636364,77.63636363636364,60.63636363636364,1.272727272727273,0.8020692757534864,0.7886340977068794,65.45454545454545,24.545454545454547,23.727272727272734,62.90909090909092,15.818181818181822,60.090909090909086,56.63636363636364,64.18181818181817,65.81818181818183,72.81818181818183,46.99999999999999,23.545454545454547,44.727272727272734,50.90909090909091,nan,70.54545454545455,77.9090909090909,55.72727272727273,1.2727272727272725,0.9090909090909093,1
67.27272727272727,67.0909090909091,74.72727272727272,58.727272727272734,79.54545454545453,57.63636363636365,56.90909090909091,74.63636363636364,76.9090909090909,71.72727272727272,53.45454545454546,64.0909090909091,26.000000000000007,76.45454545454547,61.18181818181818,49.72727272727272,75.45454545454545,65.9090909090909,-0.19047619047619047,68.18181818181819,78.72727272727273,75.81818181818181,61.090909090909086,57.0909090909091,73.54545454545453,25.45454545454546,61.63636363636364,63.36363636363637,65.9090909090909,55.72727272727273,74.81818181818183,-0.16369047619047616,16.36363636363636,60.45454545454546,78.72727272727275,69.81818181818183,-0.1875,76.9090909090909,69.09090909090908,-0.1666088163832003,1.1818181818181817,64.0909090909091,0.8181818181818183,80.72727272727272,67.0909090909091,73.27272727272728,70.27272727272727,74.45454545454547,0.7272727272727274,26.63636363636364,82.36363636363636,80.45454545454544,-0.19047619047619047,83.45454545454547,59.63636363636365,-0.23884791008078687,72.63636363636363,72.63636363636365,-0.18207282913165262,73.81818181818183,65.81818181818181,75.63636363636363,74.45454545454547,1.2727272727272727,-0.21002710027100274,-0.21002710027100274,72.81818181818183,27.63636363636364,28.363636363636367,72.27272727272727,15.181818181818183,64.27272727272727,73.54545454545453,80.63636363636363,73.54545454545453,83.27272727272728,55.63636363636364,27.81818181818182,60.63636363636364,60.27272727272727,nan,75.81818181818183,85.72727272727273,63.27272727272728,1.6363636363636367,1.3636363636363635,1
70.36363636363636,72.54545454545455,77.18181818181817,56.45454545454545,71.0909090909091,59.54545454545455,50.99999999999999,71.54545454545455,75.54545454545455,75.99999999999999,56.63636363636364,60.727272727272734,29.36363636363637,75.63636363636363,55.63636363636364,55.363636363636374,70.00000000000001,69.0,0.3780346820809249,66.0909090909091,71.63636363636364,76.0,61.363636363636374,59.81818181818182,66.0909090909091,29.727272727272737,60.09090909090909,61.63636363636365,69.36363636363636,65.27272727272728,75.63636363636364,0.3556771545827634,14.636363636363638,61.63636363636364,78.54545454545455,68.0,0.34708779986383487,79.0909090909091,69.27272727272728,0.4336468129571578,1.1818181818181817,64.63636363636364,0.9090909090909093,74.09090909090911,71.72727272727272,74.81818181818183,71.36363636363636,72.18181818181819,0.8181818181818183,30.36363636363637,76.0,74.72727272727275,0.4169842133913991,83.0909090909091,64.36363636363636,0.3731815306767869,76.63636363636364,74.27272727272728,0.38823529411764707,77.0909090909091,62.45454545454546,76.0,68.9090909090909,1.090909090909091,0.3962165002627431,0.3675083662914512,71.72727272727273,26.81818181818182,26.63636363636364,72.45454545454544,17.72727272727273,60.09090909090909,66.0909090909091,73.63636363636363,69.9090909090909,76.54545454545455,60.45454545454546,26.45454545454546,61.545454545454554,52.909090909090914,nan,74.72727272727273,80.45454545454545,56.63636363636364,1.0909090909090908,1.272727272727273,1
65.18181818181819,67.0,62.727272727272734,49.36363636363637,69.63636363636364,44.72727272727273,46.81818181818182,69.63636363636364,72.0909090909091,64.36363636363636,44.54545454545455,54.90909090909091,23.63636363636364,71.63636363636364,54.90909090909091,53.90909090909091,65.81818181818183,58.36363636363637,0.21002710027100274,64.72727272727272,72.81818181818183,70.27272727272728,52.18181818181817,50.18181818181818,58.727272727272734,23.363636363636367,52.54545454545455,60.18181818181818,58.36363636363637,45.90909090909091,72.72727272727273,0.24060150375939848,15.0,54.54545454545455,75.54545454545455,61.72727272727273,0.22944256236526023,75.0,55.72727272727273,0.2747252747252748,1.0000000000000002,65.72727272727272,0.7272727272727274,68.45454545454545,65.54545454545455,67.0,67.0909090909091,72.18181818181819,0.6363636363636365,25.63636363636364,74.18181818181819,70.27272727272727,0.25,80.72727272727273,58.909090909090914,0.1892974153622134,69.0909090909091,58.54545454545455,0.2568935427574171,62.54545454545455,58.909090909090914,68.72727272727273,63.636363636363654,0.9090909090909092,0.25,0.23333333333333334,73.36363636363637,26.181818181818187,27.000000000000004,74.0,16.363636363636363,57.81818181818182,58.727272727272734,68.00000000000001,64.72727272727272,74.18181818181819,49.36363636363637,25.909090909090914,51.27272727272727,56.000000000000014,nan,73.81818181818183,80.72727272727273,59.0,1.3636363636363638,1.0,0
66.63636363636364,65.36363636363636,65.0,56.727272727272734,76.9090909090909,49.36363636363636,49.27272727272727,73.0,69.45454545454547,72.54545454545453,47.18181818181818,58.545454545454554,27.18181818181818,74.09090909090908,54.27272727272728,52.54545454545455,63.90909090909091,64.0,-0.1122019635343619,68.9090909090909,76.81818181818183,72.63636363636364,60.90909090909091,50.909090909090914,66.81818181818183,27.272727272727273,56.09090909090909,62.81818181818182,64.0,54.45454545454546,71.54545454545456,-0.06441223832528187,16.363636363636363,54.27272727272728,75.2727272727273,65.27272727272727,-0.08683473389355745,76.18181818181819,60.63636363636364,-0.09408602150537637,1.0,59.81818181818183,0.7272727272727274,72.63636363636363,61.90909090909091,72.54545454545455,70.0909090909091,68.99999999999999,0.8181818181818183,27.727272727272727,80.0,76.27272727272727,-0.08683473389355745,82.72727272727273,62.27272727272727,0.015384615384615441,69.18181818181819,61.63636363636364,-0.059523809523809534,63.72727272727273,67.36363636363636,73.18181818181817,70.27272727272727,1.0000000000000002,-0.05277777777777781,-0.08683473389355745,74.0,28.272727272727273,27.63636363636364,63.727272727272734,16.09090909090909,57.81818181818182,66.81818181818183,75.00000000000001,70.54545454545455,80.36363636363637,54.0,28.090909090909093,55.63636363636364,53.18181818181817,nan,77.0909090909091,84.18181818181817,64.0,1.3636363636363635,1.0909090909090908,1
65.9090909090909,68.18181818181819,69.9090909090909,53.36363636363637,74.0909090909091,63.36363636363636,42.45454545454545,67.54545454545455,71.99999999999999,75.90909090909092,52.90909090909091,55.63636363636364,26.81818181818182,71.81818181818183,53.27272727272727,48.45454545454546,68.9090909090909,61.27272727272728,-0.1367521367521367,63.09090909090909,73.0,69.0909090909091,62.45454545454545,58.63636363636364,65.63636363636364,27.0,56.63636363636363,58.09090909090909,61.27272727272728,56.54545454545455,70.72727272727275,-0.06441223832528187,15.18181818181818,57.63636363636364,79.81818181818181,65.18181818181817,-0.09740259740259738,74.63636363636364,57.54545454545453,-0.11732229123533477,1.0909090909090908,67.54545454545455,0.8181818181818183,70.54545454545455,60.36363636363637,67.9090909090909,65.0909090909091,74.9090909090909,0.9090909090909093,27.272727272727273,77.9090909090909,72.81818181818181,-0.08683473389355745,79.18181818181819,53.45454545454545,-0.05303030303030304,73.9090909090909,69.81818181818183,-0.1111111111111111,74.0909090909091,60.545454545454554,74.27272727272728,65.54545454545453,1.0909090909090908,-0.08683473389355745,-0.08683473389355745,76.36363636363636,27.0,27.545454545454547,71.81818181818181,16.18181818181818,56.09090909090909,65.63636363636364,67.0909090909091,71.0909090909091,73.9090909090909,52.272727272727266,26.363636363636363,59.36363636363636,53.18181818181818,nan,75.09090909090908,83.54545454545456,64.54545454545455,0.9090909090909093,1.0909090909090908,1
64.0909090909091,60.90909090909092,64.90909090909092,47.909090909090914,70.90909090909092,53.36363636363637,49.63636363636364,73.45454545454545,65.81818181818183,66.63636363636364,51.36363636363636,49.72727272727273,26.363636363636367,69.81818181818181,59.909090909090914,54.54545454545455,63.727272727272734,57.72727272727273,0.07183908045977011,65.63636363636364,78.0,69.45454545454544,55.54545454545455,54.54545454545455,60.81818181818183,26.363636363636367,45.72727272727273,60.81818181818183,57.72727272727273,55.0,67.0909090909091,0.0,15.363636363636365,54.81818181818182,74.09090909090911,62.36363636363637,0.03555268261150618,71.63636363636364,59.09090909090909,0.03501400560224094,1.0,58.27272727272728,0.9090909090909093,67.0,60.909090909090914,69.36363636363636,64.18181818181819,67.9090909090909,0.7272727272727274,27.363636363636367,73.9090909090909,68.27272727272728,0.05277777777777781,77.63636363636365,59.545454545454554,0.06838905775075987,63.81818181818182,66.63636363636364,0.029629629629629672,68.2727272727273,56.72727272727273,71.18181818181819,59.36363636363637,1.090909090909091,0.04285714285714287,0.036363636363636376,71.0,26.090909090909097,27.090909090909097,74.90909090909092,14.363636363636367,60.99999999999999,60.81818181818183,69.54545454545455,63.81818181818182,73.72727272727273,39.63636363636364,25.818181818181824,52.54545454545455,61.727272727272734,nan,72.72727272727273,79.81818181818183,54.45454545454545,1.2727272727272727,1.1818181818181819,0
65.9090909090909,68.18181818181819,69.9090909090909,52.63636363636363,68.45454545454547,52.81818181818182,40.36363636363636,75.0,73.63636363636363,76.0,44.90909090909091,59.18181818181819,26.272727272727273,74.45454545454545,53.0,48.45454545454545,62.363636363636374,62.18181818181819,0.2368421052631579,63.81818181818183,74.54545454545456,73.45454545454547,63.27272727272727,60.0,58.63636363636364,26.45454545454546,44.54545454545455,60.81818181818182,62.18181818181819,49.09090909090909,73.81818181818181,0.3055555555555556,16.909090909090907,50.727272727272734,76.45454545454545,69.45454545454545,0.23784592370979807,77.27272727272727,57.63636363636363,0.26891807379612265,1.1818181818181819,55.81818181818183,0.7272727272727274,70.81818181818183,64.81818181818181,71.81818181818183,67.72727272727275,61.63636363636363,0.9090909090909093,27.363636363636367,74.54545454545453,68.09090909090911,0.2854649713288457,82.0909090909091,53.99999999999999,0.31459170013386883,70.72727272727273,62.0,0.2568935427574171,70.18181818181817,61.90909090909091,77.54545454545455,64.54545454545453,1.0000000000000002,0.29261332720699373,0.2628205128205129,72.0,25.818181818181817,26.09090909090909,67.0909090909091,16.545454545454547,56.0,59.63636363636364,65.0,67.90909090909092,79.27272727272727,51.45454545454546,25.636363636363637,51.36363636363637,52.36363636363637,nan,75.0909090909091,77.18181818181817,63.36363636363637,1.2727272727272727,1.0,-1
59.727272727272734,67.27272727272728,64.36363636363636,53.18181818181819,78.72727272727273,52.81818181818181,44.27272727272728,69.63636363636364,68.54545454545455,75.9090909090909,39.63636363636364,58.45454545454545,26.818181818181824,68.54545454545455,57.909090909090914,43.45454545454546,70.27272727272727,55.090909090909086,-0.5892857142857143,69.36363636363636,77.18181818181819,64.72727272727272,59.18181818181818,54.18181818181817,68.36363636363637,26.818181818181824,60.727272727272734,48.54545454545455,55.090909090909086,40.18181818181818,67.9090909090909,-0.5229885057471265,13.636363636363637,46.72727272727273,68.27272727272728,67.63636363636364,-0.6102941176470588,70.72727272727273,58.36363636363636,-0.5892857142857143,1.0,68.27272727272727,0.9090909090909093,72.54545454545455,57.72727272727273,64.63636363636364,59.18181818181818,75.0909090909091,0.8181818181818183,26.818181818181824,79.72727272727273,75.0,-0.5892857142857143,75.36363636363636,51.363636363636374,-0.580952380952381,67.63636363636364,49.909090909090914,-0.5966386554621849,68.63636363636364,61.36363636363637,77.27272727272728,73.0909090909091,0.8181818181818183,-0.5611111111111111,-0.5646551724137931,74.45454545454545,26.363636363636367,27.272727272727273,78.54545454545455,15.272727272727273,63.54545454545455,68.36363636363637,71.45454545454544,72.54545454545455,82.09090909090908,46.727272727272734,26.090909090909093,58.63636363636365,64.45454545454544,nan,75.90909090909092,84.45454545454545,65.63636363636364,1.0909090909090908,1.0909090909090908,1
74.54545454545455,65.18181818181817,77.90909090909092,53.09090909090909,69.81818181818181,58.09090909090909,58.63636363636363,68.18181818181819,81.0909090909091,73.18181818181817,64.9090909090909,53.909090909090914,27.90909090909091,76.36363636363637,50.63636363636364,61.36363636363636,65.72727272727273,71.18181818181819,0.7666666666666667,63.72727272727272,69.18181818181819,75.36363636363637,60.63636363636365,55.36363636363637,56.909090909090914,28.090909090909093,54.54545454545455,70.72727272727272,71.18181818181819,65.45454545454544,79.63636363636363,0.719672131147541,14.454545454545457,65.18181818181819,78.54545454545456,60.18181818181819,0.719672131147541,83.9090909090909,71.18181818181819,0.7666666666666667,1.0909090909090908,64.0909090909091,0.7272727272727274,64.63636363636364,71.72727272727275,80.72727272727272,76.63636363636363,68.36363636363637,0.7272727272727274,28.272727272727273,72.54545454545456,67.36363636363636,0.8070818070818071,87.63636363636364,67.45454545454545,0.8070652173913044,80.00000000000001,75.0909090909091,0.7777777777777779,74.27272727272728,57.18181818181818,77.0,61.18181818181818,1.2727272727272727,0.7564102564102564,0.7666666666666667,74.0909090909091,25.545454545454547,25.363636363636367,72.27272727272728,16.545454545454543,54.54545454545454,56.909090909090914,67.18181818181819,65.45454545454547,76.0909090909091,44.36363636363637,24.909090909090914,51.18181818181819,54.45454545454545,nan,75.36363636363636,79.27272727272727,60.36363636363636,0.9090909090909093,1.0000000000000002,1
